{
  "results": [
    {
      "gender": "female",
      "name": {
        "title": "Ms",
        "first": "Gwendolyn",
        "last": "Garrett"
      },
      "email": "gwendolyn.garrett@example.com",
      "picture": {
        "large": "https://randomuser.me/api/portraits/women/61.jpg",
        "medium": "https://randomuser.me/api/portraits/med/women/61.jpg",
        "thumbnail": "https://randomuser.me/api/portraits/thumb/women/61.jpg"
      }
    },
    {
      "gender": "male",
      "name": {
        "title": "Mr",
        "first": "Enrique",
        "last": "Williamson"
      },
      "email": "enrique.williamson@example.com",
      "picture": {
        "large": "https://randomuser.me/api/portraits/men/57.jpg",
        "medium": "https://randomuser.me/api/portraits/med/men/57.jpg",
        "thumbnail": "https://randomuser.me/api/portraits/thumb/men/57.jpg"
      }
    },
    {
      "gender": "female",
      "name": {
        "title": "Miss",
        "first": "Sophia",
        "last": "Reid"
      },
      "email": "sophia.reid@example.com",
      "picture": {
        "large": "https://randomuser.me/api/portraits/women/12.jpg",
        "medium": "https://randomuser.me/api/portraits/med/women/12.jpg",
        "thumbnail": "https://randomuser.me/api/portraits/thumb/women/12.jpg"
      }
    },
    {
      "gender": "female",
      "name": {
        "title": "Miss",
        "first": "Brandy",
        "last": "Ellis"
      },
      "email": "brandy.ellis@example.com",
      "picture": {
        "large": "https://randomuser.me/api/portraits/women/70.jpg",
        "medium": "https://randomuser.me/api/portraits/med/women/70.jpg",
        "thumbnail": "https://randomuser.me/api/portraits/thumb/women/70.jpg"
      }
    },
    {
      "gender": "male",
      "name": {
        "title": "Mr",
        "first": "Bradley",
        "last": "Shaw"
      },
      "email": "bradley.shaw@example.com",
      "picture": {
        "large": "https://randomuser.me/api/portraits/men/46.jpg",
        "medium": "https://randomuser.me/api/portraits/med/men/46.jpg",
        "thumbnail": "https://randomuser.me/api/portraits/thumb/men/46.jpg"
      }
    },
    {
      "gender": "male",
      "name": {
        "title": "Mr",
        "first": "Andy",
        "last": "Carpenter"
      },
      "email": "andy.carpenter@example.com",
      "picture": {
        "large": "https://randomuser.me/api/portraits/men/62.jpg",
        "medium": "https://randomuser.me/api/portraits/med/men/62.jpg",
        "thumbnail": "https://randomuser.me/api/portraits/thumb/men/62.jpg"
      }
    },
    {
      "gender": "female",
      "name": {
        "title": "Ms",
        "first": "Stacey",
        "last": "Chambers"
      },
      "email": "stacey.chambers@example.com",
      "picture": {
        "large": "https://randomuser.me/api/portraits/women/80.jpg",
        "medium": "https://randomuser.me/api/portraits/med/women/80.jpg",
        "thumbnail": "https://randomuser.me/api/portraits/thumb/women/80.jpg"
      }
    },
    {
      "gender": "male",
      "name": {
        "title": "Mr",
        "first": "Chris",
        "last": "George"
      },
      "email": "chris.george@example.com",
      "picture": {
        "large": "https://randomuser.me/api/portraits/men/47.jpg",
        "medium": "https://randomuser.me/api/portraits/med/men/47.jpg",
        "thumbnail": "https://randomuser.me/api/portraits/thumb/men/47.jpg"
      }
    },
    {
      "gender": "male",
      "name": {
        "title": "Mr",
        "first": "Randy",
        "last": "Medina"
      },
      "email": "randy.medina@example.com",
      "picture": {
        "large": "https://randomuser.me/api/portraits/men/17.jpg",
        "medium": "https://randomuser.me/api/portraits/med/men/17.jpg",
        "thumbnail": "https://randomuser.me/api/portraits/thumb/men/17.jpg"
      }
    },
    {
      "gender": "male",
      "name": {
        "title": "Mr",
        "first": "Wallace",
        "last": "Jordan"
      },
      "email": "wallace.jordan@example.com",
      "picture": {
        "large": "https://randomuser.me/api/portraits/men/53.jpg",
        "medium": "https://randomuser.me/api/portraits/med/men/53.jpg",
        "thumbnail": "https://randomuser.me/api/portraits/thumb/men/53.jpg"
      }
    },
    {
      "gender": "male",
      "name": {
        "title": "Mr",
        "first": "Alfredo",
        "last": "Clark"
      },
      "email": "alfredo.clark@example.com",
      "picture": {
        "large": "https://randomuser.me/api/portraits/men/49.jpg",
        "medium": "https://randomuser.me/api/portraits/med/men/49.jpg",
        "thumbnail": "https://randomuser.me/api/portraits/thumb/men/49.jpg"
      }
    },
    {
      "gender": "male",
      "name": {
        "title": "Mr",
        "first": "Tyrone",
        "last": "Alexander"
      },
      "email": "tyrone.alexander@example.com",
      "picture": {
        "large": "https://randomuser.me/api/portraits/men/10.jpg",
        "medium": "https://randomuser.me/api/portraits/med/men/10.jpg",
        "thumbnail": "https://randomuser.me/api/portraits/thumb/men/10.jpg"
      }
    },
    {
      "gender": "male",
      "name": {
        "title": "Mr",
        "first": "Gabriel",
        "last": "Reynolds"
      },
      "email": "gabriel.reynolds@example.com",
      "picture": {
        "large": "https://randomuser.me/api/portraits/men/71.jpg",
        "medium": "https://randomuser.me/api/portraits/med/men/71.jpg",
        "thumbnail": "https://randomuser.me/api/portraits/thumb/men/71.jpg"
      }
    },
    {
      "gender": "female",
      "name": {
        "title": "Mrs",
        "first": "Amanda",
        "last": "Welch"
      },
      "email": "amanda.welch@example.com",
      "picture": {
        "large": "https://randomuser.me/api/portraits/women/27.jpg",
        "medium": "https://randomuser.me/api/portraits/med/women/27.jpg",
        "thumbnail": "https://randomuser.me/api/portraits/thumb/women/27.jpg"
      }
    },
    {
      "gender": "male",
      "name": {
        "title": "Mr",
        "first": "Micheal",
        "last": "Ramirez"
      },
      "email": "micheal.ramirez@example.com",
      "picture": {
        "large": "https://randomuser.me/api/portraits/men/24.jpg",
        "medium": "https://randomuser.me/api/portraits/med/men/24.jpg",
        "thumbnail": "https://randomuser.me/api/portraits/thumb/men/24.jpg"
      }
    },
    {
      "gender": "male",
      "name": {
        "title": "Mr",
        "first": "Everett",
        "last": "Turner"
      },
      "email": "everett.turner@example.com",
      "picture": {
        "large": "https://randomuser.me/api/portraits/men/56.jpg",
        "medium": "https://randomuser.me/api/portraits/med/men/56.jpg",
        "thumbnail": "https://randomuser.me/api/portraits/thumb/men/56.jpg"
      }
    },
    {
      "gender": "male",
      "name": {
        "title": "Mr",
        "first": "Mitchell",
        "last": "Richardson"
      },
      "email": "mitchell.richardson@example.com",
      "picture": {
        "large": "https://randomuser.me/api/portraits/men/0.jpg",
        "medium": "https://randomuser.me/api/portraits/med/men/0.jpg",
        "thumbnail": "https://randomuser.me/api/portraits/thumb/men/0.jpg"
      }
    },
    {
      "gender": "male",
      "name": {
        "title": "Mr",
        "first": "Raymond",
        "last": "Holland"
      },
      "email": "raymond.holland@example.com",
      "picture": {
        "large": "https://randomuser.me/api/portraits/men/3.jpg",
        "medium": "https://randomuser.me/api/portraits/med/men/3.jpg",
        "thumbnail": "https://randomuser.me/api/portraits/thumb/men/3.jpg"
      }
    },
    {
      "gender": "male",
      "name": {
        "title": "Mr",
        "first": "Jorge",
        "last": "Chapman"
      },
      "email": "jorge.chapman@example.com",
      "picture": {
        "large": "https://randomuser.me/api/portraits/men/83.jpg",
        "medium": "https://randomuser.me/api/portraits/med/men/83.jpg",
        "thumbnail": "https://randomuser.me/api/portraits/thumb/men/83.jpg"
      }
    },
    {
      "gender": "female",
      "name": {
        "title": "Miss",
        "first": "Phyllis",
        "last": "Cunningham"
      },
      "email": "phyllis.cunningham@example.com",
      "picture": {
        "large": "https://randomuser.me/api/portraits/women/89.jpg",
        "medium": "https://randomuser.me/api/portraits/med/women/89.jpg",
        "thumbnail": "https://randomuser.me/api/portraits/thumb/women/89.jpg"
      }
    },
    {
      "gender": "male",
      "name": {
        "title": "Mr",
        "first": "Cecil",
        "last": "Clark"
      },
      "email": "cecil.clark@example.com",
      "picture": {
        "large": "https://randomuser.me/api/portraits/men/77.jpg",
        "medium": "https://randomuser.me/api/portraits/med/men/77.jpg",
        "thumbnail": "https://randomuser.me/api/portraits/thumb/men/77.jpg"
      }
    },
    {
      "gender": "male",
      "name": {
        "title": "Mr",
        "first": "Bob",
        "last": "Knight"
      },
      "email": "bob.knight@example.com",
      "picture": {
        "large": "https://randomuser.me/api/portraits/men/60.jpg",
        "medium": "https://randomuser.me/api/portraits/med/men/60.jpg",
        "thumbnail": "https://randomuser.me/api/portraits/thumb/men/60.jpg"
      }
    },
    {
      "gender": "male",
      "name": {
        "title": "Mr",
        "first": "Flenn",
        "last": "Fox"
      },
      "email": "flenn.fox@example.com",
      "picture": {
        "large": "https://randomuser.me/api/portraits/men/16.jpg",
        "medium": "https://randomuser.me/api/portraits/med/men/16.jpg",
        "thumbnail": "https://randomuser.me/api/portraits/thumb/men/16.jpg"
      }
    },
    {
      "gender": "female",
      "name": {
        "title": "Ms",
        "first": "Emma",
        "last": "Ramos"
      },
      "email": "emma.ramos@example.com",
      "picture": {
        "large": "https://randomuser.me/api/portraits/women/65.jpg",
        "medium": "https://randomuser.me/api/portraits/med/women/65.jpg",
        "thumbnail": "https://randomuser.me/api/portraits/thumb/women/65.jpg"
      }
    },
    {
      "gender": "female",
      "name": {
        "title": "Ms",
        "first": "Gladys",
        "last": "Jordan"
      },
      "email": "gladys.jordan@example.com",
      "picture": {
        "large": "https://randomuser.me/api/portraits/women/51.jpg",
        "medium": "https://randomuser.me/api/portraits/med/women/51.jpg",
        "thumbnail": "https://randomuser.me/api/portraits/thumb/women/51.jpg"
      }
    },
    {
      "gender": "male",
      "name": {
        "title": "Mr",
        "first": "Adam",
        "last": "Russell"
      },
      "email": "adam.russell@example.com",
      "picture": {
        "large": "https://randomuser.me/api/portraits/men/7.jpg",
        "medium": "https://randomuser.me/api/portraits/med/men/7.jpg",
        "thumbnail": "https://randomuser.me/api/portraits/thumb/men/7.jpg"
      }
    },
    {
      "gender": "female",
      "name": {
        "title": "Ms",
        "first": "Pearl",
        "last": "Fields"
      },
      "email": "pearl.fields@example.com",
      "picture": {
        "large": "https://randomuser.me/api/portraits/women/20.jpg",
        "medium": "https://randomuser.me/api/portraits/med/women/20.jpg",
        "thumbnail": "https://randomuser.me/api/portraits/thumb/women/20.jpg"
      }
    },
    {
      "gender": "male",
      "name": {
        "title": "Mr",
        "first": "Alexander",
        "last": "Austin"
      },
      "email": "alexander.austin@example.com",
      "picture": {
        "large": "https://randomuser.me/api/portraits/men/25.jpg",
        "medium": "https://randomuser.me/api/portraits/med/men/25.jpg",
        "thumbnail": "https://randomuser.me/api/portraits/thumb/men/25.jpg"
      }
    },
    {
      "gender": "female",
      "name": {
        "title": "Miss",
        "first": "Kathryn",
        "last": "Brewer"
      },
      "email": "kathryn.brewer@example.com",
      "picture": {
        "large": "https://randomuser.me/api/portraits/women/90.jpg",
        "medium": "https://randomuser.me/api/portraits/med/women/90.jpg",
        "thumbnail": "https://randomuser.me/api/portraits/thumb/women/90.jpg"
      }
    },
    {
      "gender": "male",
      "name": {
        "title": "Mr",
        "first": "Eddie",
        "last": "Peters"
      },
      "email": "eddie.peters@example.com",
      "picture": {
        "large": "https://randomuser.me/api/portraits/men/14.jpg",
        "medium": "https://randomuser.me/api/portraits/med/men/14.jpg",
        "thumbnail": "https://randomuser.me/api/portraits/thumb/men/14.jpg"
      }
    },
    {
      "gender": "male",
      "name": {
        "title": "Mr",
        "first": "Edgar",
        "last": "Webb"
      },
      "email": "edgar.webb@example.com",
      "picture": {
        "large": "https://randomuser.me/api/portraits/men/82.jpg",
        "medium": "https://randomuser.me/api/portraits/med/men/82.jpg",
        "thumbnail": "https://randomuser.me/api/portraits/thumb/men/82.jpg"
      }
    },
    {
      "gender": "male",
      "name": {
        "title": "Mr",
        "first": "Hector",
        "last": "Gibson"
      },
      "email": "hector.gibson@example.com",
      "picture": {
        "large": "https://randomuser.me/api/portraits/men/46.jpg",
        "medium": "https://randomuser.me/api/portraits/med/men/46.jpg",
        "thumbnail": "https://randomuser.me/api/portraits/thumb/men/46.jpg"
      }
    },
    {
      "gender": "female",
      "name": {
        "title": "Ms",
        "first": "Marsha",
        "last": "Weaver"
      },
      "email": "marsha.weaver@example.com",
      "picture": {
        "large": "https://randomuser.me/api/portraits/women/81.jpg",
        "medium": "https://randomuser.me/api/portraits/med/women/81.jpg",
        "thumbnail": "https://randomuser.me/api/portraits/thumb/women/81.jpg"
      }
    },
    {
      "gender": "male",
      "name": {
        "title": "Mr",
        "first": "Hector",
        "last": "Snyder"
      },
      "email": "hector.snyder@example.com",
      "picture": {
        "large": "https://randomuser.me/api/portraits/men/42.jpg",
        "medium": "https://randomuser.me/api/portraits/med/men/42.jpg",
        "thumbnail": "https://randomuser.me/api/portraits/thumb/men/42.jpg"
      }
    },
    {
      "gender": "male",
      "name": {
        "title": "Mr",
        "first": "Bruce",
        "last": "Anderson"
      },
      "email": "bruce.anderson@example.com",
      "picture": {
        "large": "https://randomuser.me/api/portraits/men/41.jpg",
        "medium": "https://randomuser.me/api/portraits/med/men/41.jpg",
        "thumbnail": "https://randomuser.me/api/portraits/thumb/men/41.jpg"
      }
    },
    {
      "gender": "female",
      "name": {
        "title": "Miss",
        "first": "Wanda",
        "last": "Richards"
      },
      "email": "wanda.richards@example.com",
      "picture": {
        "large": "https://randomuser.me/api/portraits/women/6.jpg",
        "medium": "https://randomuser.me/api/portraits/med/women/6.jpg",
        "thumbnail": "https://randomuser.me/api/portraits/thumb/women/6.jpg"
      }
    },
    {
      "gender": "male",
      "name": {
        "title": "Mr",
        "first": "Brad",
        "last": "Shaw"
      },
      "email": "brad.shaw@example.com",
      "picture": {
        "large": "https://randomuser.me/api/portraits/men/52.jpg",
        "medium": "https://randomuser.me/api/portraits/med/men/52.jpg",
        "thumbnail": "https://randomuser.me/api/portraits/thumb/men/52.jpg"
      }
    },
    {
      "gender": "female",
      "name": {
        "title": "Mrs",
        "first": "Pauline",
        "last": "Jones"
      },
      "email": "pauline.jones@example.com",
      "picture": {
        "large": "https://randomuser.me/api/portraits/women/81.jpg",
        "medium": "https://randomuser.me/api/portraits/med/women/81.jpg",
        "thumbnail": "https://randomuser.me/api/portraits/thumb/women/81.jpg"
      }
    },
    {
      "gender": "male",
      "name": {
        "title": "Mr",
        "first": "Seth",
        "last": "Barnes"
      },
      "email": "seth.barnes@example.com",
      "picture": {
        "large": "https://randomuser.me/api/portraits/men/67.jpg",
        "medium": "https://randomuser.me/api/portraits/med/men/67.jpg",
        "thumbnail": "https://randomuser.me/api/portraits/thumb/men/67.jpg"
      }
    },
    {
      "gender": "male",
      "name": {
        "title": "Mr",
        "first": "Alan",
        "last": "Walters"
      },
      "email": "alan.walters@example.com",
      "picture": {
        "large": "https://randomuser.me/api/portraits/men/89.jpg",
        "medium": "https://randomuser.me/api/portraits/med/men/89.jpg",
        "thumbnail": "https://randomuser.me/api/portraits/thumb/men/89.jpg"
      }
    },
    {
      "gender": "female",
      "name": {
        "title": "Ms",
        "first": "Hannah",
        "last": "Gray"
      },
      "email": "hannah.gray@example.com",
      "picture": {
        "large": "https://randomuser.me/api/portraits/women/4.jpg",
        "medium": "https://randomuser.me/api/portraits/med/women/4.jpg",
        "thumbnail": "https://randomuser.me/api/portraits/thumb/women/4.jpg"
      }
    },
    {
      "gender": "female",
      "name": {
        "title": "Miss",
        "first": "Kay",
        "last": "Dean"
      },
      "email": "kay.dean@example.com",
      "picture": {
        "large": "https://randomuser.me/api/portraits/women/19.jpg",
        "medium": "https://randomuser.me/api/portraits/med/women/19.jpg",
        "thumbnail": "https://randomuser.me/api/portraits/thumb/women/19.jpg"
      }
    },
    {
      "gender": "male",
      "name": {
        "title": "Mr",
        "first": "Milton",
        "last": "Edwards"
      },
      "email": "milton.edwards@example.com",
      "picture": {
        "large": "https://randomuser.me/api/portraits/men/74.jpg",
        "medium": "https://randomuser.me/api/portraits/med/men/74.jpg",
        "thumbnail": "https://randomuser.me/api/portraits/thumb/men/74.jpg"
      }
    },
    {
      "gender": "male",
      "name": {
        "title": "Mr",
        "first": "Ronnie",
        "last": "Pierce"
      },
      "email": "ronnie.pierce@example.com",
      "picture": {
        "large": "https://randomuser.me/api/portraits/men/28.jpg",
        "medium": "https://randomuser.me/api/portraits/med/men/28.jpg",
        "thumbnail": "https://randomuser.me/api/portraits/thumb/men/28.jpg"
      }
    },
    {
      "gender": "female",
      "name": {
        "title": "Miss",
        "first": "Tiffany",
        "last": "Williamson"
      },
      "email": "tiffany.williamson@example.com",
      "picture": {
        "large": "https://randomuser.me/api/portraits/women/26.jpg",
        "medium": "https://randomuser.me/api/portraits/med/women/26.jpg",
        "thumbnail": "https://randomuser.me/api/portraits/thumb/women/26.jpg"
      }
    },
    {
      "gender": "male",
      "name": {
        "title": "Mr",
        "first": "Brian",
        "last": "Mcdonalid"
      },
      "email": "brian.mcdonalid@example.com",
      "picture": {
        "large": "https://randomuser.me/api/portraits/men/79.jpg",
        "medium": "https://randomuser.me/api/portraits/med/men/79.jpg",
        "thumbnail": "https://randomuser.me/api/portraits/thumb/men/79.jpg"
      }
    },
    {
      "gender": "female",
      "name": {
        "title": "Miss",
        "first": "Mabel",
        "last": "Richardson"
      },
      "email": "mabel.richardson@example.com",
      "picture": {
        "large": "https://randomuser.me/api/portraits/women/72.jpg",
        "medium": "https://randomuser.me/api/portraits/med/women/72.jpg",
        "thumbnail": "https://randomuser.me/api/portraits/thumb/women/72.jpg"
      }
    },
    {
      "gender": "male",
      "name": {
        "title": "Mr",
        "first": "Dwight",
        "last": "Lane"
      },
      "email": "dwight.lane@example.com",
      "picture": {
        "large": "https://randomuser.me/api/portraits/men/90.jpg",
        "medium": "https://randomuser.me/api/portraits/med/men/90.jpg",
        "thumbnail": "https://randomuser.me/api/portraits/thumb/men/90.jpg"
      }
    },
    {
      "gender": "male",
      "name": {
        "title": "Mr",
        "first": "Ben",
        "last": "Mason"
      },
      "email": "ben.mason@example.com",
      "picture": {
        "large": "https://randomuser.me/api/portraits/men/17.jpg",
        "medium": "https://randomuser.me/api/portraits/med/men/17.jpg",
        "thumbnail": "https://randomuser.me/api/portraits/thumb/men/17.jpg"
      }
    },
    {
      "gender": "female",
      "name": {
        "title": "Ms",
        "first": "Sofia",
        "last": "Thomas"
      },
      "email": "sofia.thomas@example.com",
      "picture": {
        "large": "https://randomuser.me/api/portraits/women/39.jpg",
        "medium": "https://randomuser.me/api/portraits/med/women/39.jpg",
        "thumbnail": "https://randomuser.me/api/portraits/thumb/women/39.jpg"
      }
    },
    {
      "gender": "male",
      "name": {
        "title": "Mr",
        "first": "Peter",
        "last": "Freeman"
      },
      "email": "peter.freeman@example.com",
      "picture": {
        "large": "https://randomuser.me/api/portraits/men/97.jpg",
        "medium": "https://randomuser.me/api/portraits/med/men/97.jpg",
        "thumbnail": "https://randomuser.me/api/portraits/thumb/men/97.jpg"
      }
    },
    {
      "gender": "female",
      "name": {
        "title": "Mrs",
        "first": "Peggy",
        "last": "Arnold"
      },
      "email": "peggy.arnold@example.com",
      "picture": {
        "large": "https://randomuser.me/api/portraits/women/19.jpg",
        "medium": "https://randomuser.me/api/portraits/med/women/19.jpg",
        "thumbnail": "https://randomuser.me/api/portraits/thumb/women/19.jpg"
      }
    },
    {
      "gender": "male",
      "name": {
        "title": "Mr",
        "first": "Victor",
        "last": "Caldwell"
      },
      "email": "victor.caldwell@example.com",
      "picture": {
        "large": "https://randomuser.me/api/portraits/men/29.jpg",
        "medium": "https://randomuser.me/api/portraits/med/men/29.jpg",
        "thumbnail": "https://randomuser.me/api/portraits/thumb/men/29.jpg"
      }
    },
    {
      "gender": "female",
      "name": {
        "title": "Miss",
        "first": "Dana",
        "last": "Simpson"
      },
      "email": "dana.simpson@example.com",
      "picture": {
        "large": "https://randomuser.me/api/portraits/women/31.jpg",
        "medium": "https://randomuser.me/api/portraits/med/women/31.jpg",
        "thumbnail": "https://randomuser.me/api/portraits/thumb/women/31.jpg"
      }
    },
    {
      "gender": "male",
      "name": {
        "title": "Mr",
        "first": "Ray",
        "last": "Hunter"
      },
      "email": "ray.hunter@example.com",
      "picture": {
        "large": "https://randomuser.me/api/portraits/men/83.jpg",
        "medium": "https://randomuser.me/api/portraits/med/men/83.jpg",
        "thumbnail": "https://randomuser.me/api/portraits/thumb/men/83.jpg"
      }
    },
    {
      "gender": "female",
      "name": {
        "title": "Ms",
        "first": "Vicki",
        "last": "Harper"
      },
      "email": "vicki.harper@example.com",
      "picture": {
        "large": "https://randomuser.me/api/portraits/women/62.jpg",
        "medium": "https://randomuser.me/api/portraits/med/women/62.jpg",
        "thumbnail": "https://randomuser.me/api/portraits/thumb/women/62.jpg"
      }
    },
    {
      "gender": "female",
      "name": {
        "title": "Mrs",
        "first": "Tina",
        "last": "Flores"
      },
      "email": "tina.flores@example.com",
      "picture": {
        "large": "https://randomuser.me/api/portraits/women/47.jpg",
        "medium": "https://randomuser.me/api/portraits/med/women/47.jpg",
        "thumbnail": "https://randomuser.me/api/portraits/thumb/women/47.jpg"
      }
    },
    {
      "gender": "female",
      "name": {
        "title": "Ms",
        "first": "Roberta",
        "last": "Chambers"
      },
      "email": "roberta.chambers@example.com",
      "picture": {
        "large": "https://randomuser.me/api/portraits/women/18.jpg",
        "medium": "https://randomuser.me/api/portraits/med/women/18.jpg",
        "thumbnail": "https://randomuser.me/api/portraits/thumb/women/18.jpg"
      }
    },
    {
      "gender": "female",
      "name": {
        "title": "Miss",
        "first": "Claire",
        "last": "Richardson"
      },
      "email": "claire.richardson@example.com",
      "picture": {
        "large": "https://randomuser.me/api/portraits/women/39.jpg",
        "medium": "https://randomuser.me/api/portraits/med/women/39.jpg",
        "thumbnail": "https://randomuser.me/api/portraits/thumb/women/39.jpg"
      }
    },
    {
      "gender": "female",
      "name": {
        "title": "Mrs",
        "first": "Addison",
        "last": "Jackson"
      },
      "email": "addison.jackson@example.com",
      "picture": {
        "large": "https://randomuser.me/api/portraits/women/84.jpg",
        "medium": "https://randomuser.me/api/portraits/med/women/84.jpg",
        "thumbnail": "https://randomuser.me/api/portraits/thumb/women/84.jpg"
      }
    },
    {
      "gender": "male",
      "name": {
        "title": "Mr",
        "first": "Gilbert",
        "last": "Montgomery"
      },
      "email": "gilbert.montgomery@example.com",
      "picture": {
        "large": "https://randomuser.me/api/portraits/men/49.jpg",
        "medium": "https://randomuser.me/api/portraits/med/men/49.jpg",
        "thumbnail": "https://randomuser.me/api/portraits/thumb/men/49.jpg"
      }
    },
    {
      "gender": "female",
      "name": {
        "title": "Miss",
        "first": "Genesis",
        "last": "Dean"
      },
      "email": "genesis.dean@example.com",
      "picture": {
        "large": "https://randomuser.me/api/portraits/women/82.jpg",
        "medium": "https://randomuser.me/api/portraits/med/women/82.jpg",
        "thumbnail": "https://randomuser.me/api/portraits/thumb/women/82.jpg"
      }
    },
    {
      "gender": "male",
      "name": {
        "title": "Mr",
        "first": "Kyle",
        "last": "Murray"
      },
      "email": "kyle.murray@example.com",
      "picture": {
        "large": "https://randomuser.me/api/portraits/men/98.jpg",
        "medium": "https://randomuser.me/api/portraits/med/men/98.jpg",
        "thumbnail": "https://randomuser.me/api/portraits/thumb/men/98.jpg"
      }
    },
    {
      "gender": "female",
      "name": {
        "title": "Ms",
        "first": "Dolores",
        "last": "Fernandez"
      },
      "email": "dolores.fernandez@example.com",
      "picture": {
        "large": "https://randomuser.me/api/portraits/women/4.jpg",
        "medium": "https://randomuser.me/api/portraits/med/women/4.jpg",
        "thumbnail": "https://randomuser.me/api/portraits/thumb/women/4.jpg"
      }
    },
    {
      "gender": "female",
      "name": {
        "title": "Miss",
        "first": "Arlene",
        "last": "Taylor"
      },
      "email": "arlene.taylor@example.com",
      "picture": {
        "large": "https://randomuser.me/api/portraits/women/32.jpg",
        "medium": "https://randomuser.me/api/portraits/med/women/32.jpg",
        "thumbnail": "https://randomuser.me/api/portraits/thumb/women/32.jpg"
      }
    },
    {
      "gender": "male",
      "name": {
        "title": "Mr",
        "first": "David",
        "last": "Sims"
      },
      "email": "david.sims@example.com",
      "picture": {
        "large": "https://randomuser.me/api/portraits/men/66.jpg",
        "medium": "https://randomuser.me/api/portraits/med/men/66.jpg",
        "thumbnail": "https://randomuser.me/api/portraits/thumb/men/66.jpg"
      }
    },
    {
      "gender": "male",
      "name": {
        "title": "Mr",
        "first": "Cecil",
        "last": "Carpenter"
      },
      "email": "cecil.carpenter@example.com",
      "picture": {
        "large": "https://randomuser.me/api/portraits/men/26.jpg",
        "medium": "https://randomuser.me/api/portraits/med/men/26.jpg",
        "thumbnail": "https://randomuser.me/api/portraits/thumb/men/26.jpg"
      }
    },
    {
      "gender": "female",
      "name": {
        "title": "Mrs",
        "first": "Heather",
        "last": "Morgan"
      },
      "email": "heather.morgan@example.com",
      "picture": {
        "large": "https://randomuser.me/api/portraits/women/42.jpg",
        "medium": "https://randomuser.me/api/portraits/med/women/42.jpg",
        "thumbnail": "https://randomuser.me/api/portraits/thumb/women/42.jpg"
      }
    },
    {
      "gender": "female",
      "name": {
        "title": "Mrs",
        "first": "Audrey",
        "last": "Burke"
      },
      "email": "audrey.burke@example.com",
      "picture": {
        "large": "https://randomuser.me/api/portraits/women/33.jpg",
        "medium": "https://randomuser.me/api/portraits/med/women/33.jpg",
        "thumbnail": "https://randomuser.me/api/portraits/thumb/women/33.jpg"
      }
    },
    {
      "gender": "female",
      "name": {
        "title": "Miss",
        "first": "Brooklyn",
        "last": "Rodriguez"
      },
      "email": "brooklyn.rodriguez@example.com",
      "picture": {
        "large": "https://randomuser.me/api/portraits/women/74.jpg",
        "medium": "https://randomuser.me/api/portraits/med/women/74.jpg",
        "thumbnail": "https://randomuser.me/api/portraits/thumb/women/74.jpg"
      }
    },
    {
      "gender": "female",
      "name": {
        "title": "Miss",
        "first": "Toni",
        "last": "Young"
      },
      "email": "toni.young@example.com",
      "picture": {
        "large": "https://randomuser.me/api/portraits/women/7.jpg",
        "medium": "https://randomuser.me/api/portraits/med/women/7.jpg",
        "thumbnail": "https://randomuser.me/api/portraits/thumb/women/7.jpg"
      }
    },
    {
      "gender": "male",
      "name": {
        "title": "Mr",
        "first": "Landon",
        "last": "Moreno"
      },
      "email": "landon.moreno@example.com",
      "picture": {
        "large": "https://randomuser.me/api/portraits/men/56.jpg",
        "medium": "https://randomuser.me/api/portraits/med/men/56.jpg",
        "thumbnail": "https://randomuser.me/api/portraits/thumb/men/56.jpg"
      }
    },
    {
      "gender": "male",
      "name": {
        "title": "Mr",
        "first": "Alexander",
        "last": "Marshall"
      },
      "email": "alexander.marshall@example.com",
      "picture": {
        "large": "https://randomuser.me/api/portraits/men/1.jpg",
        "medium": "https://randomuser.me/api/portraits/med/men/1.jpg",
        "thumbnail": "https://randomuser.me/api/portraits/thumb/men/1.jpg"
      }
    },
    {
      "gender": "male",
      "name": {
        "title": "Mr",
        "first": "Vernon",
        "last": "Byrd"
      },
      "email": "vernon.byrd@example.com",
      "picture": {
        "large": "https://randomuser.me/api/portraits/men/94.jpg",
        "medium": "https://randomuser.me/api/portraits/med/men/94.jpg",
        "thumbnail": "https://randomuser.me/api/portraits/thumb/men/94.jpg"
      }
    },
    {
      "gender": "male",
      "name": {
        "title": "Mr",
        "first": "Darryl",
        "last": "Simmmons"
      },
      "email": "darryl.simmmons@example.com",
      "picture": {
        "large": "https://randomuser.me/api/portraits/men/59.jpg",
        "medium": "https://randomuser.me/api/portraits/med/men/59.jpg",
        "thumbnail": "https://randomuser.me/api/portraits/thumb/men/59.jpg"
      }
    },
    {
      "gender": "male",
      "name": {
        "title": "Mr",
        "first": "Floyd",
        "last": "Armstrong"
      },
      "email": "floyd.armstrong@example.com",
      "picture": {
        "large": "https://randomuser.me/api/portraits/men/66.jpg",
        "medium": "https://randomuser.me/api/portraits/med/men/66.jpg",
        "thumbnail": "https://randomuser.me/api/portraits/thumb/men/66.jpg"
      }
    },
    {
      "gender": "male",
      "name": {
        "title": "Mr",
        "first": "Levi",
        "last": "Lawson"
      },
      "email": "levi.lawson@example.com",
      "picture": {
        "large": "https://randomuser.me/api/portraits/men/28.jpg",
        "medium": "https://randomuser.me/api/portraits/med/men/28.jpg",
        "thumbnail": "https://randomuser.me/api/portraits/thumb/men/28.jpg"
      }
    },
    {
      "gender": "male",
      "name": {
        "title": "Mr",
        "first": "Douglas",
        "last": "Russell"
      },
      "email": "douglas.russell@example.com",
      "picture": {
        "large": "https://randomuser.me/api/portraits/men/76.jpg",
        "medium": "https://randomuser.me/api/portraits/med/men/76.jpg",
        "thumbnail": "https://randomuser.me/api/portraits/thumb/men/76.jpg"
      }
    },
    {
      "gender": "male",
      "name": {
        "title": "Mr",
        "first": "Elmer",
        "last": "Castillo"
      },
      "email": "elmer.castillo@example.com",
      "picture": {
        "large": "https://randomuser.me/api/portraits/men/3.jpg",
        "medium": "https://randomuser.me/api/portraits/med/men/3.jpg",
        "thumbnail": "https://randomuser.me/api/portraits/thumb/men/3.jpg"
      }
    },
    {
      "gender": "female",
      "name": {
        "title": "Miss",
        "first": "Mae",
        "last": "Nguyen"
      },
      "email": "mae.nguyen@example.com",
      "picture": {
        "large": "https://randomuser.me/api/portraits/women/1.jpg",
        "medium": "https://randomuser.me/api/portraits/med/women/1.jpg",
        "thumbnail": "https://randomuser.me/api/portraits/thumb/women/1.jpg"
      }
    },
    {
      "gender": "female",
      "name": {
        "title": "Miss",
        "first": "April",
        "last": "Jackson"
      },
      "email": "april.jackson@example.com",
      "picture": {
        "large": "https://randomuser.me/api/portraits/women/8.jpg",
        "medium": "https://randomuser.me/api/portraits/med/women/8.jpg",
        "thumbnail": "https://randomuser.me/api/portraits/thumb/women/8.jpg"
      }
    },
    {
      "gender": "female",
      "name": {
        "title": "Ms",
        "first": "Linda",
        "last": "Gray"
      },
      "email": "linda.gray@example.com",
      "picture": {
        "large": "https://randomuser.me/api/portraits/women/59.jpg",
        "medium": "https://randomuser.me/api/portraits/med/women/59.jpg",
        "thumbnail": "https://randomuser.me/api/portraits/thumb/women/59.jpg"
      }
    },
    {
      "gender": "female",
      "name": {
        "title": "Ms",
        "first": "Lucille",
        "last": "Peters"
      },
      "email": "lucille.peters@example.com",
      "picture": {
        "large": "https://randomuser.me/api/portraits/women/9.jpg",
        "medium": "https://randomuser.me/api/portraits/med/women/9.jpg",
        "thumbnail": "https://randomuser.me/api/portraits/thumb/women/9.jpg"
      }
    },
    {
      "gender": "male",
      "name": {
        "title": "Mr",
        "first": "Billy",
        "last": "Hanson"
      },
      "email": "billy.hanson@example.com",
      "picture": {
        "large": "https://randomuser.me/api/portraits/men/76.jpg",
        "medium": "https://randomuser.me/api/portraits/med/men/76.jpg",
        "thumbnail": "https://randomuser.me/api/portraits/thumb/men/76.jpg"
      }
    },
    {
      "gender": "male",
      "name": {
        "title": "Mr",
        "first": "Javier",
        "last": "Lane"
      },
      "email": "javier.lane@example.com",
      "picture": {
        "large": "https://randomuser.me/api/portraits/men/55.jpg",
        "medium": "https://randomuser.me/api/portraits/med/men/55.jpg",
        "thumbnail": "https://randomuser.me/api/portraits/thumb/men/55.jpg"
      }
    },
    {
      "gender": "female",
      "name": {
        "title": "Ms",
        "first": "Cassandra",
        "last": "Palmer"
      },
      "email": "cassandra.palmer@example.com",
      "picture": {
        "large": "https://randomuser.me/api/portraits/women/56.jpg",
        "medium": "https://randomuser.me/api/portraits/med/women/56.jpg",
        "thumbnail": "https://randomuser.me/api/portraits/thumb/women/56.jpg"
      }
    },
    {
      "gender": "female",
      "name": {
        "title": "Ms",
        "first": "Arianna",
        "last": "Adams"
      },
      "email": "arianna.adams@example.com",
      "picture": {
        "large": "https://randomuser.me/api/portraits/women/62.jpg",
        "medium": "https://randomuser.me/api/portraits/med/women/62.jpg",
        "thumbnail": "https://randomuser.me/api/portraits/thumb/women/62.jpg"
      }
    },
    {
      "gender": "female",
      "name": {
        "title": "Ms",
        "first": "Pearl",
        "last": "Brown"
      },
      "email": "pearl.brown@example.com",
      "picture": {
        "large": "https://randomuser.me/api/portraits/women/42.jpg",
        "medium": "https://randomuser.me/api/portraits/med/women/42.jpg",
        "thumbnail": "https://randomuser.me/api/portraits/thumb/women/42.jpg"
      }
    },
    {
      "gender": "female",
      "name": {
        "title": "Ms",
        "first": "Anne",
        "last": "Terry"
      },
      "email": "anne.terry@example.com",
      "picture": {
        "large": "https://randomuser.me/api/portraits/women/55.jpg",
        "medium": "https://randomuser.me/api/portraits/med/women/55.jpg",
        "thumbnail": "https://randomuser.me/api/portraits/thumb/women/55.jpg"
      }
    },
    {
      "gender": "female",
      "name": {
        "title": "Ms",
        "first": "Isabella",
        "last": "Vargas"
      },
      "email": "isabella.vargas@example.com",
      "picture": {
        "large": "https://randomuser.me/api/portraits/women/90.jpg",
        "medium": "https://randomuser.me/api/portraits/med/women/90.jpg",
        "thumbnail": "https://randomuser.me/api/portraits/thumb/women/90.jpg"
      }
    },
    {
      "gender": "male",
      "name": {
        "title": "Mr",
        "first": "Kirk",
        "last": "Bailey"
      },
      "email": "kirk.bailey@example.com",
      "picture": {
        "large": "https://randomuser.me/api/portraits/men/19.jpg",
        "medium": "https://randomuser.me/api/portraits/med/men/19.jpg",
        "thumbnail": "https://randomuser.me/api/portraits/thumb/men/19.jpg"
      }
    },
    {
      "gender": "female",
      "name": {
        "title": "Ms",
        "first": "Tammy",
        "last": "Griffin"
      },
      "email": "tammy.griffin@example.com",
      "picture": {
        "large": "https://randomuser.me/api/portraits/women/13.jpg",
        "medium": "https://randomuser.me/api/portraits/med/women/13.jpg",
        "thumbnail": "https://randomuser.me/api/portraits/thumb/women/13.jpg"
      }
    },
    {
      "gender": "female",
      "name": {
        "title": "Mrs",
        "first": "Daisy",
        "last": "Shaw"
      },
      "email": "daisy.shaw@example.com",
      "picture": {
        "large": "https://randomuser.me/api/portraits/women/81.jpg",
        "medium": "https://randomuser.me/api/portraits/med/women/81.jpg",
        "thumbnail": "https://randomuser.me/api/portraits/thumb/women/81.jpg"
      }
    },
    {
      "gender": "female",
      "name": {
        "title": "Ms",
        "first": "Allison",
        "last": "Bell"
      },
      "email": "allison.bell@example.com",
      "picture": {
        "large": "https://randomuser.me/api/portraits/women/8.jpg",
        "medium": "https://randomuser.me/api/portraits/med/women/8.jpg",
        "thumbnail": "https://randomuser.me/api/portraits/thumb/women/8.jpg"
      }
    },
    {
      "gender": "male",
      "name": {
        "title": "Mr",
        "first": "Cecil",
        "last": "Miles"
      },
      "email": "cecil.miles@example.com",
      "picture": {
        "large": "https://randomuser.me/api/portraits/men/82.jpg",
        "medium": "https://randomuser.me/api/portraits/med/men/82.jpg",
        "thumbnail": "https://randomuser.me/api/portraits/thumb/men/82.jpg"
      }
    },
    {
      "gender": "female",
      "name": {
        "title": "Ms",
        "first": "Tracey",
        "last": "Fleming"
      },
      "email": "tracey.fleming@example.com",
      "picture": {
        "large": "https://randomuser.me/api/portraits/women/72.jpg",
        "medium": "https://randomuser.me/api/portraits/med/women/72.jpg",
        "thumbnail": "https://randomuser.me/api/portraits/thumb/women/72.jpg"
      }
    },
    {
      "gender": "female",
      "name": {
        "title": "Mrs",
        "first": "Victoria",
        "last": "Fuller"
      },
      "email": "victoria.fuller@example.com",
      "picture": {
        "large": "https://randomuser.me/api/portraits/women/67.jpg",
        "medium": "https://randomuser.me/api/portraits/med/women/67.jpg",
        "thumbnail": "https://randomuser.me/api/portraits/thumb/women/67.jpg"
      }
    },
    {
      "gender": "female",
      "name": {
        "title": "Ms",
        "first": "Violet",
        "last": "Hoffman"
      },
      "email": "violet.hoffman@example.com",
      "picture": {
        "large": "https://randomuser.me/api/portraits/women/61.jpg",
        "medium": "https://randomuser.me/api/portraits/med/women/61.jpg",
        "thumbnail": "https://randomuser.me/api/portraits/thumb/women/61.jpg"
      }
    },
    {
      "gender": "male",
      "name": {
        "title": "Mr",
        "first": "Carter",
        "last": "Hoffman"
      },
      "email": "carter.hoffman@example.com",
      "picture": {
        "large": "https://randomuser.me/api/portraits/men/86.jpg",
        "medium": "https://randomuser.me/api/portraits/med/men/86.jpg",
        "thumbnail": "https://randomuser.me/api/portraits/thumb/men/86.jpg"
      }
    },
    {
      "gender": "male",
      "name": {
        "title": "Mr",
        "first": "Ruben",
        "last": "Gregory"
      },
      "email": "ruben.gregory@example.com",
      "picture": {
        "large": "https://randomuser.me/api/portraits/men/61.jpg",
        "medium": "https://randomuser.me/api/portraits/med/men/61.jpg",
        "thumbnail": "https://randomuser.me/api/portraits/thumb/men/61.jpg"
      }
    }
  ],
  "info": {
    "seed": "68a229c2145818f9",
    "results": 100,
    "page": 1,
    "version": "1.3"
  }
}